graph_type,n,seed,model_parameter,k,original_edges,final_edges,added_edges,edge_increase_pct,avg_degree_before,avg_degree_after,generalized_labels,generalized_labels_pct,total_ncp,avg_ncp,avg_query_error_pct,median_query_error_pct,max_query_error_pct,query_coverage_pct,runtime_sec
gnm,300,0,e=450,2,450,890,440,97.778,3.000,5.933,22,7.333,13.000,0.043,21.507,20.850,28.716,96.000,0.106
gnm,300,0,e=450,3,450,1326,876,194.667,3.000,8.840,45,15.000,25.500,0.085,29.014,27.809,40.714,96.000,0.165
gnm,300,0,e=450,5,450,2135,1685,374.444,3.000,14.233,90,30.000,57.500,0.192,33.814,34.461,40.714,96.667,0.281
gnm,300,1,e=450,2,450,889,439,97.556,3.000,5.927,22,7.333,13.000,0.043,21.164,21.935,24.950,96.000,0.103
gnm,300,1,e=450,3,450,1347,897,199.333,3.000,8.980,33,11.000,21.000,0.070,30.083,29.295,36.349,97.000,0.171
gnm,300,1,e=450,5,450,2190,1740,386.667,3.000,14.600,80,26.667,52.500,0.175,33.868,33.917,38.596,96.667,0.287
gnm,300,2,e=450,2,450,881,431,95.778,3.000,5.873,28,9.333,16.000,0.053,22.989,22.471,31.008,96.000,0.104
gnm,300,2,e=450,3,450,1329,879,195.333,3.000,8.860,51,17.000,31.500,0.105,30.952,31.220,38.473,96.000,0.168
gnm,300,2,e=450,5,450,2160,1710,380.000,3.000,14.400,75,25.000,55.000,0.183,33.311,32.588,40.136,98.333,0.287
gnm,300,3,e=450,2,450,888,438,97.333,3.000,5.920,26,8.667,15.000,0.050,21.579,21.576,26.506,94.667,0.102
gnm,300,3,e=450,3,450,1323,873,194.000,3.000,8.820,48,16.000,31.500,0.105,29.705,29.948,35.628,94.000,0.177
gnm,300,3,e=450,5,450,2150,1700,377.778,3.000,14.333,65,21.667,50.000,0.167,33.333,34.201,38.136,95.000,0.284
gnm,300,4,e=450,2,450,898,448,99.556,3.000,5.987,22,7.333,13.000,0.043,24.249,24.284,31.818,93.333,0.107
gnm,300,4,e=450,3,450,1338,888,197.333,3.000,8.920,42,14.000,25.500,0.085,29.304,28.756,40.870,93.000,0.179
gnm,300,4,e=450,5,450,2130,1680,373.333,3.000,14.200,85,28.333,60.000,0.200,34.717,33.695,45.600,93.333,0.288
barabasi_albert,300,0,m=3,2,891,1705,814,91.358,5.940,11.367,44,14.667,28.000,0.093,20.269,21.132,25.984,100.000,0.106
barabasi_albert,300,0,m=3,3,891,2484,1593,178.788,5.940,16.560,96,32.000,61.500,0.205,22.024,22.132,29.134,100.000,0.178
barabasi_albert,300,0,m=3,5,891,3850,2959,332.099,5.940,25.667,150,50.000,112.500,0.375,22.353,22.552,29.134,100.000,0.300
barabasi_albert,300,1,m=3,2,891,1704,813,91.246,5.940,11.360,56,18.667,38.000,0.127,21.279,22.150,25.743,100.000,0.104
barabasi_albert,300,1,m=3,3,891,2496,1605,180.135,5.940,16.640,102,34.000,72.000,0.240,22.144,22.879,25.743,100.000,0.183
barabasi_albert,300,1,m=3,5,891,3940,3049,342.200,5.940,26.267,135,45.000,107.500,0.358,22.144,22.879,25.743,100.000,0.307
barabasi_albert,300,2,m=3,2,891,1732,841,94.388,5.940,11.547,66,22.000,39.000,0.130,19.930,19.224,26.471,100.000,0.105
barabasi_albert,300,2,m=3,3,891,2481,1590,178.451,5.940,16.540,99,33.000,70.500,0.235,20.618,21.053,27.184,100.000,0.179
barabasi_albert,300,2,m=3,5,891,3945,3054,342.761,5.940,26.300,155,51.667,125.000,0.417,20.618,21.053,27.184,100.000,0.310
barabasi_albert,300,3,m=3,2,891,1694,803,90.123,5.940,11.293,50,16.667,33.000,0.110,20.018,17.834,31.250,100.000,0.108
barabasi_albert,300,3,m=3,3,891,2472,1581,177.441,5.940,16.480,78,26.000,57.000,0.190,20.682,20.106,33.036,100.000,0.179
barabasi_albert,300,3,m=3,5,891,3905,3014,338.272,5.940,26.033,145,48.333,120.000,0.400,20.937,20.106,33.036,100.000,0.312
barabasi_albert,300,4,m=3,2,891,1732,841,94.388,5.940,11.547,48,16.000,30.000,0.100,19.807,18.251,28.571,100.000,0.106
barabasi_albert,300,4,m=3,3,891,2478,1587,178.114,5.940,16.520,93,31.000,67.500,0.225,21.371,18.251,32.836,100.000,0.186
barabasi_albert,300,4,m=3,5,891,3950,3059,343.322,5.940,26.333,125,41.667,100.000,0.333,21.371,18.251,32.836,100.000,0.314
