graph_type,n,seed,model_parameter,k,source_label,target_label,original_distance,anonymized_distance,error_pct,source_count,reachable_sources,coverage_pct
gnm,300,0,e=450,2,dentist,optometrist,1.687,1.202,28.716,90,84,93.333
gnm,300,0,e=450,2,dentist,primary,1.602,1.262,21.250,90,84,93.333
gnm,300,0,e=450,2,dentist,high_school,1.422,1.131,20.450,90,84,93.333
gnm,300,0,e=450,2,optometrist,dentist,1.534,1.259,17.978,60,58,96.667
gnm,300,0,e=450,2,optometrist,primary,1.569,1.293,17.582,60,58,96.667
gnm,300,0,e=450,2,optometrist,high_school,1.517,1.224,19.318,60,58,96.667
gnm,300,0,e=450,2,primary,dentist,1.535,1.192,22.370,75,73,97.333
gnm,300,0,e=450,2,primary,optometrist,1.634,1.219,25.378,75,73,97.333
gnm,300,0,e=450,2,primary,high_school,1.507,1.164,22.737,75,73,97.333
gnm,300,0,e=450,2,high_school,dentist,1.361,1.110,18.479,75,73,97.333
gnm,300,0,e=450,2,high_school,optometrist,1.597,1.205,24.527,75,73,97.333
gnm,300,0,e=450,2,high_school,primary,1.528,1.233,19.303,75,73,97.333
gnm,300,0,e=450,3,dentist,optometrist,1.687,1.000,40.714,90,83,92.222
gnm,300,0,e=450,3,dentist,primary,1.602,1.133,29.323,90,83,92.222
gnm,300,0,e=450,3,dentist,high_school,1.422,1.060,25.424,90,83,92.222
gnm,300,0,e=450,3,optometrist,dentist,1.534,1.000,34.831,60,58,96.667
gnm,300,0,e=450,3,optometrist,primary,1.569,1.121,28.571,60,58,96.667
gnm,300,0,e=450,3,optometrist,high_school,1.517,1.172,22.727,60,58,96.667
gnm,300,0,e=450,3,primary,dentist,1.535,1.120,27.046,75,75,100.000
gnm,300,0,e=450,3,primary,optometrist,1.634,1.107,32.264,75,75,100.000
gnm,300,0,e=450,3,primary,high_school,1.507,1.120,25.682,75,75,100.000
gnm,300,0,e=450,3,high_school,dentist,1.361,1.000,26.531,75,72,96.000
gnm,300,0,e=450,3,high_school,optometrist,1.597,1.139,28.696,75,72,96.000
gnm,300,0,e=450,3,high_school,primary,1.528,1.125,26.364,75,72,96.000
gnm,300,0,e=450,5,dentist,optometrist,1.687,1.000,40.714,90,83,92.222
gnm,300,0,e=450,5,dentist,primary,1.602,1.000,37.594,90,83,92.222
gnm,300,0,e=450,5,dentist,high_school,1.422,1.000,29.661,90,83,92.222
gnm,300,0,e=450,5,optometrist,dentist,1.534,1.000,34.831,60,58,96.667
gnm,300,0,e=450,5,optometrist,primary,1.569,1.000,36.264,60,58,96.667
gnm,300,0,e=450,5,optometrist,high_school,1.517,1.000,34.091,60,58,96.667
gnm,300,0,e=450,5,primary,dentist,1.535,1.040,32.257,75,75,100.000
gnm,300,0,e=450,5,primary,optometrist,1.634,1.040,36.345,75,75,100.000
gnm,300,0,e=450,5,primary,high_school,1.507,1.000,33.645,75,75,100.000
gnm,300,0,e=450,5,high_school,dentist,1.361,1.027,24.545,75,74,98.667
gnm,300,0,e=450,5,high_school,optometrist,1.597,1.027,35.699,75,74,98.667
gnm,300,0,e=450,5,high_school,primary,1.528,1.068,30.123,75,74,98.667
gnm,300,1,e=450,2,dentist,optometrist,1.506,1.167,22.533,90,84,93.333
gnm,300,1,e=450,2,dentist,primary,1.542,1.214,21.261,90,84,93.333
gnm,300,1,e=450,2,dentist,high_school,1.627,1.262,22.416,90,84,93.333
gnm,300,1,e=450,2,optometrist,dentist,1.424,1.119,21.429,60,59,98.333
gnm,300,1,e=450,2,optometrist,primary,1.500,1.305,12.994,60,59,98.333
gnm,300,1,e=450,2,optometrist,high_school,1.603,1.203,24.950,60,59,98.333
gnm,300,1,e=450,2,primary,dentist,1.370,1.110,19.000,75,73,97.333
gnm,300,1,e=450,2,primary,optometrist,1.611,1.247,22.626,75,73,97.333
gnm,300,1,e=450,2,primary,high_school,1.521,1.178,22.523,75,73,97.333
gnm,300,1,e=450,2,high_school,dentist,1.431,1.111,22.330,75,72,96.000
gnm,300,1,e=450,2,high_school,optometrist,1.629,1.278,21.540,75,72,96.000
gnm,300,1,e=450,2,high_school,primary,1.500,1.194,20.370,75,72,96.000
gnm,300,1,e=450,3,dentist,optometrist,1.506,1.012,32.819,90,85,94.444
gnm,300,1,e=450,3,dentist,primary,1.542,1.106,28.290,90,85,94.444
gnm,300,1,e=450,3,dentist,high_school,1.627,1.035,36.349,90,85,94.444
gnm,300,1,e=450,3,optometrist,dentist,1.424,1.000,29.762,60,59,98.333
gnm,300,1,e=450,3,optometrist,primary,1.500,1.051,29.944,60,59,98.333
gnm,300,1,e=450,3,optometrist,high_school,1.603,1.051,34.463,60,59,98.333
gnm,300,1,e=450,3,primary,dentist,1.370,1.041,24.000,75,73,97.333
gnm,300,1,e=450,3,primary,optometrist,1.611,1.164,27.728,75,73,97.333
gnm,300,1,e=450,3,primary,high_school,1.521,1.082,28.829,75,73,97.333
gnm,300,1,e=450,3,high_school,dentist,1.431,1.041,27.263,75,74,98.667
gnm,300,1,e=450,3,high_school,optometrist,1.629,1.081,33.618,75,74,98.667
gnm,300,1,e=450,3,high_school,primary,1.500,1.081,27.928,75,74,98.667
gnm,300,1,e=450,5,dentist,optometrist,1.506,1.000,33.600,90,86,95.556
gnm,300,1,e=450,5,dentist,primary,1.542,1.000,35.156,90,86,95.556
gnm,300,1,e=450,5,dentist,high_school,1.627,1.000,38.519,90,86,95.556
gnm,300,1,e=450,5,optometrist,dentist,1.424,1.000,29.762,60,59,98.333
gnm,300,1,e=450,5,optometrist,primary,1.500,1.000,33.333,60,59,98.333
gnm,300,1,e=450,5,optometrist,high_school,1.603,1.000,37.634,60,59,98.333
gnm,300,1,e=450,5,primary,dentist,1.370,1.000,27.000,75,73,97.333
gnm,300,1,e=450,5,primary,optometrist,1.611,1.000,37.931,75,73,97.333
gnm,300,1,e=450,5,primary,high_school,1.521,1.000,34.234,75,73,97.333
gnm,300,1,e=450,5,high_school,dentist,1.431,1.000,30.097,75,72,96.000
gnm,300,1,e=450,5,high_school,optometrist,1.629,1.000,38.596,75,72,96.000
gnm,300,1,e=450,5,high_school,primary,1.500,1.042,30.556,75,72,96.000
gnm,300,2,e=450,2,dentist,optometrist,1.670,1.227,26.531,90,88,97.778
gnm,300,2,e=450,2,dentist,primary,1.511,1.170,22.556,90,88,97.778
gnm,300,2,e=450,2,dentist,high_school,1.534,1.239,19.259,90,88,97.778
gnm,300,2,e=450,2,optometrist,dentist,1.362,1.103,18.987,60,58,96.667
gnm,300,2,e=450,2,optometrist,primary,1.638,1.224,25.263,60,58,96.667
gnm,300,2,e=450,2,optometrist,high_school,1.655,1.259,23.958,60,58,96.667
gnm,300,2,e=450,2,primary,dentist,1.343,1.042,22.385,75,71,94.667
gnm,300,2,e=450,2,primary,optometrist,1.571,1.268,19.334,75,71,94.667
gnm,300,2,e=450,2,primary,high_school,1.586,1.254,20.949,75,71,94.667
gnm,300,2,e=450,2,high_school,dentist,1.535,1.268,17.431,75,71,94.667
gnm,300,2,e=450,2,high_school,optometrist,1.817,1.254,31.008,75,71,94.667
gnm,300,2,e=450,2,high_school,primary,1.648,1.183,28.205,75,71,94.667
gnm,300,2,e=450,3,dentist,optometrist,1.670,1.080,35.374,90,88,97.778
gnm,300,2,e=450,3,dentist,primary,1.511,1.011,33.083,90,88,97.778
gnm,300,2,e=450,3,dentist,high_school,1.534,1.068,30.370,90,88,97.778
gnm,300,2,e=450,3,optometrist,dentist,1.362,1.052,22.785,60,58,96.667
gnm,300,2,e=450,3,optometrist,primary,1.638,1.172,28.421,60,58,96.667
gnm,300,2,e=450,3,optometrist,high_school,1.655,1.103,33.333,60,58,96.667
gnm,300,2,e=450,3,primary,dentist,1.343,1.043,22.340,75,70,93.333
gnm,300,2,e=450,3,primary,optometrist,1.571,1.086,30.909,75,70,93.333
gnm,300,2,e=450,3,primary,high_school,1.586,1.086,31.532,75,70,93.333
gnm,300,2,e=450,3,high_school,dentist,1.535,1.125,26.720,75,72,96.000
gnm,300,2,e=450,3,high_school,optometrist,1.817,1.125,38.081,75,72,96.000
gnm,300,2,e=450,3,high_school,primary,1.648,1.014,38.473,75,72,96.000
gnm,300,2,e=450,5,dentist,optometrist,1.670,1.000,40.136,90,90,100.000
gnm,300,2,e=450,5,dentist,primary,1.511,1.033,31.629,90,90,100.000
gnm,300,2,e=450,5,dentist,high_school,1.534,1.033,32.642,90,90,100.000
gnm,300,2,e=450,5,optometrist,dentist,1.362,1.033,24.135,60,60,100.000
gnm,300,2,e=450,5,optometrist,primary,1.638,1.033,36.912,60,60,100.000
gnm,300,2,e=450,5,optometrist,high_school,1.655,1.117,32.535,60,60,100.000
gnm,300,2,e=450,5,primary,dentist,1.343,1.000,25.532,75,70,93.333
gnm,300,2,e=450,5,primary,optometrist,1.571,1.071,31.818,75,70,93.333
gnm,300,2,e=450,5,primary,high_school,1.586,1.000,36.937,75,70,93.333
gnm,300,2,e=450,5,high_school,dentist,1.535,1.067,30.520,75,75,100.000
gnm,300,2,e=450,5,high_school,optometrist,1.817,1.133,37.623,75,75,100.000
gnm,300,2,e=450,5,high_school,primary,1.648,1.000,39.316,75,75,100.000
gnm,300,3,e=450,2,dentist,optometrist,1.595,1.314,17.633,90,86,95.556
gnm,300,3,e=450,2,dentist,primary,1.576,1.209,23.291,90,86,95.556
gnm,300,3,e=450,2,dentist,high_school,1.548,1.198,22.612,90,86,95.556
gnm,300,3,e=450,2,optometrist,dentist,1.482,1.089,26.506,60,56,93.333
gnm,300,3,e=450,2,optometrist,primary,1.464,1.196,18.293,60,56,93.333
gnm,300,3,e=450,2,optometrist,high_school,1.393,1.143,17.949,60,56,93.333
gnm,300,3,e=450,2,primary,dentist,1.405,1.108,21.154,75,74,98.667
gnm,300,3,e=450,2,primary,optometrist,1.616,1.189,26.432,75,74,98.667
gnm,300,3,e=450,2,primary,high_school,1.534,1.284,16.325,75,74,98.667
gnm,300,3,e=450,2,high_school,dentist,1.433,1.118,21.998,75,68,90.667
gnm,300,3,e=450,2,high_school,optometrist,1.552,1.147,26.103,75,68,90.667
gnm,300,3,e=450,2,high_school,primary,1.687,1.338,20.653,75,68,90.667
gnm,300,3,e=450,3,dentist,optometrist,1.595,1.106,30.676,90,85,94.444
gnm,300,3,e=450,3,dentist,primary,1.576,1.071,32.090,90,85,94.444
gnm,300,3,e=450,3,dentist,high_school,1.548,1.035,33.104,90,85,94.444
gnm,300,3,e=450,3,optometrist,dentist,1.482,1.000,32.530,60,56,93.333
gnm,300,3,e=450,3,optometrist,primary,1.464,1.107,24.390,60,56,93.333
gnm,300,3,e=450,3,optometrist,high_school,1.393,1.000,28.205,60,56,93.333
gnm,300,3,e=450,3,primary,dentist,1.405,1.041,25.962,75,74,98.667
gnm,300,3,e=450,3,primary,optometrist,1.616,1.041,35.628,75,74,98.667
gnm,300,3,e=450,3,primary,high_school,1.534,1.122,26.894,75,74,98.667
gnm,300,3,e=450,3,high_school,dentist,1.433,1.045,27.083,75,67,89.333
gnm,300,3,e=450,3,high_school,optometrist,1.552,1.090,29.808,75,67,89.333
gnm,300,3,e=450,3,high_school,primary,1.687,1.179,30.088,75,67,89.333
gnm,300,3,e=450,5,dentist,optometrist,1.595,1.057,33.752,90,88,97.778
gnm,300,3,e=450,5,dentist,primary,1.576,1.000,36.567,90,88,97.778
gnm,300,3,e=450,5,dentist,high_school,1.548,1.011,34.650,90,88,97.778
gnm,300,3,e=450,5,optometrist,dentist,1.482,1.000,32.530,60,56,93.333
gnm,300,3,e=450,5,optometrist,primary,1.464,1.000,31.707,60,56,93.333
gnm,300,3,e=450,5,optometrist,high_school,1.393,1.018,26.923,60,56,93.333
gnm,300,3,e=450,5,primary,dentist,1.405,1.000,28.846,75,74,98.667
gnm,300,3,e=450,5,primary,optometrist,1.616,1.000,38.136,75,74,98.667
gnm,300,3,e=450,5,primary,high_school,1.534,1.000,34.821,75,74,98.667
gnm,300,3,e=450,5,high_school,dentist,1.433,1.000,30.208,75,67,89.333
gnm,300,3,e=450,5,high_school,optometrist,1.552,1.000,35.577,75,67,89.333
gnm,300,3,e=450,5,high_school,primary,1.687,1.075,36.283,75,67,89.333
gnm,300,4,e=450,2,dentist,optometrist,1.695,1.321,22.045,90,84,93.333
gnm,300,4,e=450,2,dentist,primary,1.554,1.190,23.403,90,84,93.333
gnm,300,4,e=450,2,dentist,high_school,1.451,1.095,24.530,90,84,93.333
gnm,300,4,e=450,2,optometrist,dentist,1.357,1.107,18.421,60,56,93.333
gnm,300,4,e=450,2,optometrist,primary,1.571,1.071,31.818,60,56,93.333
gnm,300,4,e=450,2,optometrist,high_school,1.464,1.143,21.951,60,56,93.333
gnm,300,4,e=450,2,primary,dentist,1.464,1.087,25.743,75,69,92.000
gnm,300,4,e=450,2,primary,optometrist,1.838,1.319,28.255,75,69,92.000
gnm,300,4,e=450,2,primary,high_school,1.559,1.145,26.552,75,69,92.000
gnm,300,4,e=450,2,high_school,dentist,1.437,1.169,18.627,75,71,94.667
gnm,300,4,e=450,2,high_school,optometrist,1.761,1.310,25.600,75,71,94.667
gnm,300,4,e=450,2,high_school,primary,1.465,1.113,24.038,75,71,94.667
gnm,300,4,e=450,3,dentist,optometrist,1.695,1.145,32.478,90,83,92.222
gnm,300,4,e=450,3,dentist,primary,1.554,1.157,25.581,90,83,92.222
gnm,300,4,e=450,3,dentist,high_school,1.451,1.036,28.602,90,83,92.222
gnm,300,4,e=450,3,optometrist,dentist,1.357,1.107,18.421,60,56,93.333
gnm,300,4,e=450,3,optometrist,primary,1.571,1.089,30.682,60,56,93.333
gnm,300,4,e=450,3,optometrist,high_school,1.464,1.054,28.049,60,56,93.333
gnm,300,4,e=450,3,primary,dentist,1.464,1.043,28.713,75,69,92.000
gnm,300,4,e=450,3,primary,optometrist,1.838,1.087,40.870,75,69,92.000
gnm,300,4,e=450,3,primary,high_school,1.559,1.087,30.271,75,69,92.000
gnm,300,4,e=450,3,high_school,dentist,1.437,1.042,27.451,75,71,94.667
gnm,300,4,e=450,3,high_school,optometrist,1.761,1.254,28.800,75,71,94.667
gnm,300,4,e=450,3,high_school,primary,1.465,1.000,31.731,75,71,94.667
gnm,300,4,e=450,5,dentist,optometrist,1.695,1.000,41.007,90,84,93.333
gnm,300,4,e=450,5,dentist,primary,1.554,1.000,35.659,90,84,93.333
gnm,300,4,e=450,5,dentist,high_school,1.451,1.000,31.092,90,84,93.333
gnm,300,4,e=450,5,optometrist,dentist,1.357,1.000,26.316,60,56,93.333
gnm,300,4,e=450,5,optometrist,primary,1.571,1.000,36.364,60,56,93.333
gnm,300,4,e=450,5,optometrist,high_school,1.464,1.000,31.707,60,56,93.333
gnm,300,4,e=450,5,primary,dentist,1.464,1.000,31.683,75,69,92.000
gnm,300,4,e=450,5,primary,optometrist,1.838,1.000,45.600,75,69,92.000
gnm,300,4,e=450,5,primary,high_school,1.559,1.000,35.849,75,69,92.000
gnm,300,4,e=450,5,high_school,dentist,1.437,1.000,30.392,75,71,94.667
gnm,300,4,e=450,5,high_school,optometrist,1.761,1.070,39.200,75,71,94.667
gnm,300,4,e=450,5,high_school,primary,1.465,1.000,31.731,75,71,94.667
barabasi_albert,300,0,m=3,2,dentist,optometrist,1.411,1.044,25.984,90,90,100.000
barabasi_albert,300,0,m=3,2,dentist,primary,1.244,1.000,19.643,90,90,100.000
barabasi_albert,300,0,m=3,2,dentist,high_school,1.200,1.022,14.815,90,90,100.000
barabasi_albert,300,0,m=3,2,optometrist,dentist,1.333,1.033,22.500,60,60,100.000
barabasi_albert,300,0,m=3,2,optometrist,primary,1.317,1.000,24.051,60,60,100.000
barabasi_albert,300,0,m=3,2,optometrist,high_school,1.267,1.000,21.053,60,60,100.000
barabasi_albert,300,0,m=3,2,primary,dentist,1.200,1.013,15.556,75,75,100.000
barabasi_albert,300,0,m=3,2,primary,optometrist,1.347,1.027,23.762,75,75,100.000
barabasi_albert,300,0,m=3,2,primary,high_school,1.240,1.027,17.204,75,75,100.000
barabasi_albert,300,0,m=3,2,high_school,dentist,1.253,1.067,14.894,75,75,100.000
barabasi_albert,300,0,m=3,2,high_school,optometrist,1.360,1.053,22.549,75,75,100.000
barabasi_albert,300,0,m=3,2,high_school,primary,1.320,1.040,21.212,75,75,100.000
barabasi_albert,300,0,m=3,3,dentist,optometrist,1.411,1.000,29.134,90,90,100.000
barabasi_albert,300,0,m=3,3,dentist,primary,1.244,1.000,19.643,90,90,100.000
barabasi_albert,300,0,m=3,3,dentist,high_school,1.200,1.000,16.667,90,90,100.000
barabasi_albert,300,0,m=3,3,optometrist,dentist,1.333,1.000,25.000,60,60,100.000
barabasi_albert,300,0,m=3,3,optometrist,primary,1.317,1.000,24.051,60,60,100.000
barabasi_albert,300,0,m=3,3,optometrist,high_school,1.267,1.050,17.105,60,60,100.000
barabasi_albert,300,0,m=3,3,primary,dentist,1.200,1.000,16.667,75,75,100.000
barabasi_albert,300,0,m=3,3,primary,optometrist,1.347,1.000,25.743,75,75,100.000
barabasi_albert,300,0,m=3,3,primary,high_school,1.240,1.000,19.355,75,75,100.000
barabasi_albert,300,0,m=3,3,high_school,dentist,1.253,1.000,20.213,75,75,100.000
barabasi_albert,300,0,m=3,3,high_school,optometrist,1.360,1.000,26.471,75,75,100.000
barabasi_albert,300,0,m=3,3,high_school,primary,1.320,1.000,24.242,75,75,100.000
barabasi_albert,300,0,m=3,5,dentist,optometrist,1.411,1.000,29.134,90,90,100.000
barabasi_albert,300,0,m=3,5,dentist,primary,1.244,1.000,19.643,90,90,100.000
barabasi_albert,300,0,m=3,5,dentist,high_school,1.200,1.000,16.667,90,90,100.000
barabasi_albert,300,0,m=3,5,optometrist,dentist,1.333,1.000,25.000,60,60,100.000
barabasi_albert,300,0,m=3,5,optometrist,primary,1.317,1.000,24.051,60,60,100.000
barabasi_albert,300,0,m=3,5,optometrist,high_school,1.267,1.000,21.053,60,60,100.000
barabasi_albert,300,0,m=3,5,primary,dentist,1.200,1.000,16.667,75,75,100.000
barabasi_albert,300,0,m=3,5,primary,optometrist,1.347,1.000,25.743,75,75,100.000
barabasi_albert,300,0,m=3,5,primary,high_school,1.240,1.000,19.355,75,75,100.000
barabasi_albert,300,0,m=3,5,high_school,dentist,1.253,1.000,20.213,75,75,100.000
barabasi_albert,300,0,m=3,5,high_school,optometrist,1.360,1.000,26.471,75,75,100.000
barabasi_albert,300,0,m=3,5,high_school,primary,1.320,1.000,24.242,75,75,100.000
barabasi_albert,300,1,m=3,2,dentist,optometrist,1.300,1.022,21.368,90,90,100.000
barabasi_albert,300,1,m=3,2,dentist,primary,1.300,1.022,21.368,90,90,100.000
barabasi_albert,300,1,m=3,2,dentist,high_school,1.289,1.000,22.414,90,90,100.000
barabasi_albert,300,1,m=3,2,optometrist,dentist,1.283,1.000,22.078,60,60,100.000
barabasi_albert,300,1,m=3,2,optometrist,primary,1.250,1.033,17.333,60,60,100.000
barabasi_albert,300,1,m=3,2,optometrist,high_school,1.317,1.000,24.051,60,60,100.000
barabasi_albert,300,1,m=3,2,primary,dentist,1.347,1.000,25.743,75,75,100.000
barabasi_albert,300,1,m=3,2,primary,optometrist,1.320,1.000,24.242,75,75,100.000
barabasi_albert,300,1,m=3,2,primary,high_school,1.293,1.000,22.680,75,75,100.000
barabasi_albert,300,1,m=3,2,high_school,dentist,1.173,1.027,12.500,75,75,100.000
barabasi_albert,300,1,m=3,2,high_school,optometrist,1.320,1.027,22.222,75,75,100.000
barabasi_albert,300,1,m=3,2,high_school,primary,1.240,1.000,19.355,75,75,100.000
barabasi_albert,300,1,m=3,3,dentist,optometrist,1.300,1.000,23.077,90,90,100.000
barabasi_albert,300,1,m=3,3,dentist,primary,1.300,1.000,23.077,90,90,100.000
barabasi_albert,300,1,m=3,3,dentist,high_school,1.289,1.000,22.414,90,90,100.000
barabasi_albert,300,1,m=3,3,optometrist,dentist,1.283,1.000,22.078,60,60,100.000
barabasi_albert,300,1,m=3,3,optometrist,primary,1.250,1.000,20.000,60,60,100.000
barabasi_albert,300,1,m=3,3,optometrist,high_school,1.317,1.000,24.051,60,60,100.000
barabasi_albert,300,1,m=3,3,primary,dentist,1.347,1.000,25.743,75,75,100.000
barabasi_albert,300,1,m=3,3,primary,optometrist,1.320,1.000,24.242,75,75,100.000
barabasi_albert,300,1,m=3,3,primary,high_school,1.293,1.000,22.680,75,75,100.000
barabasi_albert,300,1,m=3,3,high_school,dentist,1.173,1.000,14.773,75,75,100.000
barabasi_albert,300,1,m=3,3,high_school,optometrist,1.320,1.000,24.242,75,75,100.000
barabasi_albert,300,1,m=3,3,high_school,primary,1.240,1.000,19.355,75,75,100.000
barabasi_albert,300,1,m=3,5,dentist,optometrist,1.300,1.000,23.077,90,90,100.000
barabasi_albert,300,1,m=3,5,dentist,primary,1.300,1.000,23.077,90,90,100.000
barabasi_albert,300,1,m=3,5,dentist,high_school,1.289,1.000,22.414,90,90,100.000
barabasi_albert,300,1,m=3,5,optometrist,dentist,1.283,1.000,22.078,60,60,100.000
barabasi_albert,300,1,m=3,5,optometrist,primary,1.250,1.000,20.000,60,60,100.000
barabasi_albert,300,1,m=3,5,optometrist,high_school,1.317,1.000,24.051,60,60,100.000
barabasi_albert,300,1,m=3,5,primary,dentist,1.347,1.000,25.743,75,75,100.000
barabasi_albert,300,1,m=3,5,primary,optometrist,1.320,1.000,24.242,75,75,100.000
barabasi_albert,300,1,m=3,5,primary,high_school,1.293,1.000,22.680,75,75,100.000
barabasi_albert,300,1,m=3,5,high_school,dentist,1.173,1.000,14.773,75,75,100.000
barabasi_albert,300,1,m=3,5,high_school,optometrist,1.320,1.000,24.242,75,75,100.000
barabasi_albert,300,1,m=3,5,high_school,primary,1.240,1.000,19.355,75,75,100.000
barabasi_albert,300,2,m=3,2,dentist,optometrist,1.356,1.000,26.230,90,90,100.000
barabasi_albert,300,2,m=3,2,dentist,primary,1.267,1.022,19.298,90,90,100.000
barabasi_albert,300,2,m=3,2,dentist,high_school,1.267,1.000,21.053,90,90,100.000
barabasi_albert,300,2,m=3,2,optometrist,dentist,1.200,1.017,15.278,60,60,100.000
barabasi_albert,300,2,m=3,2,optometrist,primary,1.183,1.000,15.493,60,60,100.000
barabasi_albert,300,2,m=3,2,optometrist,high_school,1.167,1.000,14.286,60,60,100.000
barabasi_albert,300,2,m=3,2,primary,dentist,1.253,1.013,19.149,75,75,100.000
barabasi_albert,300,2,m=3,2,primary,optometrist,1.360,1.000,26.471,75,75,100.000
barabasi_albert,300,2,m=3,2,primary,high_school,1.200,1.000,16.667,75,75,100.000
barabasi_albert,300,2,m=3,2,high_school,dentist,1.267,1.027,18.947,75,75,100.000
barabasi_albert,300,2,m=3,2,high_school,optometrist,1.373,1.027,25.243,75,75,100.000
barabasi_albert,300,2,m=3,2,high_school,primary,1.267,1.000,21.053,75,75,100.000
barabasi_albert,300,2,m=3,3,dentist,optometrist,1.356,1.000,26.230,90,90,100.000
barabasi_albert,300,2,m=3,3,dentist,primary,1.267,1.000,21.053,90,90,100.000
barabasi_albert,300,2,m=3,3,dentist,high_school,1.267,1.000,21.053,90,90,100.000
barabasi_albert,300,2,m=3,3,optometrist,dentist,1.200,1.000,16.667,60,60,100.000
barabasi_albert,300,2,m=3,3,optometrist,primary,1.183,1.000,15.493,60,60,100.000
barabasi_albert,300,2,m=3,3,optometrist,high_school,1.167,1.000,14.286,60,60,100.000
barabasi_albert,300,2,m=3,3,primary,dentist,1.253,1.000,20.213,75,75,100.000
barabasi_albert,300,2,m=3,3,primary,optometrist,1.360,1.000,26.471,75,75,100.000
barabasi_albert,300,2,m=3,3,primary,high_school,1.200,1.000,16.667,75,75,100.000
barabasi_albert,300,2,m=3,3,high_school,dentist,1.267,1.000,21.053,75,75,100.000
barabasi_albert,300,2,m=3,3,high_school,optometrist,1.373,1.000,27.184,75,75,100.000
barabasi_albert,300,2,m=3,3,high_school,primary,1.267,1.000,21.053,75,75,100.000
barabasi_albert,300,2,m=3,5,dentist,optometrist,1.356,1.000,26.230,90,90,100.000
barabasi_albert,300,2,m=3,5,dentist,primary,1.267,1.000,21.053,90,90,100.000
barabasi_albert,300,2,m=3,5,dentist,high_school,1.267,1.000,21.053,90,90,100.000
barabasi_albert,300,2,m=3,5,optometrist,dentist,1.200,1.000,16.667,60,60,100.000
barabasi_albert,300,2,m=3,5,optometrist,primary,1.183,1.000,15.493,60,60,100.000
barabasi_albert,300,2,m=3,5,optometrist,high_school,1.167,1.000,14.286,60,60,100.000
barabasi_albert,300,2,m=3,5,primary,dentist,1.253,1.000,20.213,75,75,100.000
barabasi_albert,300,2,m=3,5,primary,optometrist,1.360,1.000,26.471,75,75,100.000
barabasi_albert,300,2,m=3,5,primary,high_school,1.200,1.000,16.667,75,75,100.000
barabasi_albert,300,2,m=3,5,high_school,dentist,1.267,1.000,21.053,75,75,100.000
barabasi_albert,300,2,m=3,5,high_school,optometrist,1.373,1.000,27.184,75,75,100.000
barabasi_albert,300,2,m=3,5,high_school,primary,1.267,1.000,21.053,75,75,100.000
barabasi_albert,300,3,m=3,2,dentist,optometrist,1.300,1.000,23.077,90,90,100.000
barabasi_albert,300,3,m=3,2,dentist,primary,1.400,1.022,26.984,90,90,100.000
barabasi_albert,300,3,m=3,2,dentist,high_school,1.211,1.000,17.431,90,90,100.000
barabasi_albert,300,3,m=3,2,optometrist,dentist,1.250,1.033,17.333,60,60,100.000
barabasi_albert,300,3,m=3,2,optometrist,primary,1.300,1.000,23.077,60,60,100.000
barabasi_albert,300,3,m=3,2,optometrist,high_school,1.167,1.033,11.429,60,60,100.000
barabasi_albert,300,3,m=3,2,primary,dentist,1.213,1.000,17.582,75,75,100.000
barabasi_albert,300,3,m=3,2,primary,optometrist,1.493,1.027,31.250,75,75,100.000
barabasi_albert,300,3,m=3,2,primary,high_school,1.173,1.000,14.773,75,75,100.000
barabasi_albert,300,3,m=3,2,high_school,dentist,1.187,1.000,15.730,75,75,100.000
barabasi_albert,300,3,m=3,2,high_school,optometrist,1.307,1.000,23.469,75,75,100.000
barabasi_albert,300,3,m=3,2,high_school,primary,1.253,1.027,18.085,75,75,100.000
barabasi_albert,300,3,m=3,3,dentist,optometrist,1.300,1.000,23.077,90,90,100.000
barabasi_albert,300,3,m=3,3,dentist,primary,1.400,1.000,28.571,90,90,100.000
barabasi_albert,300,3,m=3,3,dentist,high_school,1.211,1.000,17.431,90,90,100.000
barabasi_albert,300,3,m=3,3,optometrist,dentist,1.250,1.000,20.000,60,60,100.000
barabasi_albert,300,3,m=3,3,optometrist,primary,1.300,1.000,23.077,60,60,100.000
barabasi_albert,300,3,m=3,3,optometrist,high_school,1.167,1.000,14.286,60,60,100.000
barabasi_albert,300,3,m=3,3,primary,dentist,1.213,1.000,17.582,75,75,100.000
barabasi_albert,300,3,m=3,3,primary,optometrist,1.493,1.000,33.036,75,75,100.000
barabasi_albert,300,3,m=3,3,primary,high_school,1.173,1.000,14.773,75,75,100.000
barabasi_albert,300,3,m=3,3,high_school,dentist,1.187,1.000,15.730,75,75,100.000
barabasi_albert,300,3,m=3,3,high_school,optometrist,1.307,1.040,20.408,75,75,100.000
barabasi_albert,300,3,m=3,3,high_school,primary,1.253,1.000,20.213,75,75,100.000
barabasi_albert,300,3,m=3,5,dentist,optometrist,1.300,1.000,23.077,90,90,100.000
barabasi_albert,300,3,m=3,5,dentist,primary,1.400,1.000,28.571,90,90,100.000
barabasi_albert,300,3,m=3,5,dentist,high_school,1.211,1.000,17.431,90,90,100.000
barabasi_albert,300,3,m=3,5,optometrist,dentist,1.250,1.000,20.000,60,60,100.000
barabasi_albert,300,3,m=3,5,optometrist,primary,1.300,1.000,23.077,60,60,100.000
barabasi_albert,300,3,m=3,5,optometrist,high_school,1.167,1.000,14.286,60,60,100.000
barabasi_albert,300,3,m=3,5,primary,dentist,1.213,1.000,17.582,75,75,100.000
barabasi_albert,300,3,m=3,5,primary,optometrist,1.493,1.000,33.036,75,75,100.000
barabasi_albert,300,3,m=3,5,primary,high_school,1.173,1.000,14.773,75,75,100.000
barabasi_albert,300,3,m=3,5,high_school,dentist,1.187,1.000,15.730,75,75,100.000
barabasi_albert,300,3,m=3,5,high_school,optometrist,1.307,1.000,23.469,75,75,100.000
barabasi_albert,300,3,m=3,5,high_school,primary,1.253,1.000,20.213,75,75,100.000
barabasi_albert,300,4,m=3,2,dentist,optometrist,1.489,1.067,28.358,90,90,100.000
barabasi_albert,300,4,m=3,2,dentist,primary,1.367,1.022,25.203,90,90,100.000
barabasi_albert,300,4,m=3,2,dentist,high_school,1.133,1.000,11.765,90,90,100.000
barabasi_albert,300,4,m=3,2,optometrist,dentist,1.200,1.033,13.889,60,60,100.000
barabasi_albert,300,4,m=3,2,optometrist,primary,1.400,1.000,28.571,60,60,100.000
barabasi_albert,300,4,m=3,2,optometrist,high_school,1.233,1.000,18.919,60,60,100.000
barabasi_albert,300,4,m=3,2,primary,dentist,1.133,1.027,9.412,75,75,100.000
barabasi_albert,300,4,m=3,2,primary,optometrist,1.440,1.040,27.778,75,75,100.000
barabasi_albert,300,4,m=3,2,primary,high_school,1.200,1.000,16.667,75,75,100.000
barabasi_albert,300,4,m=3,2,high_school,dentist,1.187,1.000,15.730,75,75,100.000
barabasi_albert,300,4,m=3,2,high_school,optometrist,1.400,1.067,23.810,75,75,100.000
barabasi_albert,300,4,m=3,2,high_school,primary,1.213,1.000,17.582,75,75,100.000
barabasi_albert,300,4,m=3,3,dentist,optometrist,1.489,1.000,32.836,90,90,100.000
barabasi_albert,300,4,m=3,3,dentist,primary,1.367,1.000,26.829,90,90,100.000
barabasi_albert,300,4,m=3,3,dentist,high_school,1.133,1.000,11.765,90,90,100.000
barabasi_albert,300,4,m=3,3,optometrist,dentist,1.200,1.000,16.667,60,60,100.000
barabasi_albert,300,4,m=3,3,optometrist,primary,1.400,1.000,28.571,60,60,100.000
barabasi_albert,300,4,m=3,3,optometrist,high_school,1.233,1.000,18.919,60,60,100.000
barabasi_albert,300,4,m=3,3,primary,dentist,1.133,1.000,11.765,75,75,100.000
barabasi_albert,300,4,m=3,3,primary,optometrist,1.440,1.000,30.556,75,75,100.000
barabasi_albert,300,4,m=3,3,primary,high_school,1.200,1.000,16.667,75,75,100.000
barabasi_albert,300,4,m=3,3,high_school,dentist,1.187,1.000,15.730,75,75,100.000
barabasi_albert,300,4,m=3,3,high_school,optometrist,1.400,1.000,28.571,75,75,100.000
barabasi_albert,300,4,m=3,3,high_school,primary,1.213,1.000,17.582,75,75,100.000
barabasi_albert,300,4,m=3,5,dentist,optometrist,1.489,1.000,32.836,90,90,100.000
barabasi_albert,300,4,m=3,5,dentist,primary,1.367,1.000,26.829,90,90,100.000
barabasi_albert,300,4,m=3,5,dentist,high_school,1.133,1.000,11.765,90,90,100.000
barabasi_albert,300,4,m=3,5,optometrist,dentist,1.200,1.000,16.667,60,60,100.000
barabasi_albert,300,4,m=3,5,optometrist,primary,1.400,1.000,28.571,60,60,100.000
barabasi_albert,300,4,m=3,5,optometrist,high_school,1.233,1.000,18.919,60,60,100.000
barabasi_albert,300,4,m=3,5,primary,dentist,1.133,1.000,11.765,75,75,100.000
barabasi_albert,300,4,m=3,5,primary,optometrist,1.440,1.000,30.556,75,75,100.000
barabasi_albert,300,4,m=3,5,primary,high_school,1.200,1.000,16.667,75,75,100.000
barabasi_albert,300,4,m=3,5,high_school,dentist,1.187,1.000,15.730,75,75,100.000
barabasi_albert,300,4,m=3,5,high_school,optometrist,1.400,1.000,28.571,75,75,100.000
barabasi_albert,300,4,m=3,5,high_school,primary,1.213,1.000,17.582,75,75,100.000
